Date ,Precipitatiom,Temperature,Humidity,Evaporation,W1,W2,W3,W4,W5,W6,W7,W8,W9,W10,W11,W12,W13,W14,W15,W16,W17,W18,W19,W20
1/1/2004,116.000,9.550,76.400,1.400,52.620,32.260,79.700,51.650,15.270,44.750,26.400,12.350,28.460,22.320,15.570,9.970,19.700,11.770,28.940,28.270,34.860,21.850,14.750,36.030
2/1/2004,93.300,9.350,72.600,1.700,51.920,32.130,79.700,51.240,15.270,44.530,25.980,11.740,28.230,22.090,15.130,9.650,19.540,11.430,28.800,27.740,34.370,21.680,14.750,35.620
3/1/2004,6.400,15.550,51.600,4.600,51.130,32.040,79.700,50.770,14.980,44.380,25.690,11.030,27.640,19.560,14.590,9.280,19.380,11.210,28.660,27.250,33.660,21.450,14.550,35.080
4/1/2004,82.300,18.200,47.800,6.400,50.000,32.100,79.700,50.310,15.020,44.630,25.480,10.460,27.240,18.190,14.320,9.140,19.280,11.120,28.550,27.120,33.210,21.330,14.430,34.830
5/1/2004,1.300,24.450,39.500,9.400,48.660,32.160,79.700,50.300,15.130,45.000,25.500,10.400,27.160,18.000,14.300,9.100,19.300,11.100,28.500,27.100,30.600,21.400,14.400,34.800
6/1/2004,0.000,30.750,23.800,13.600,48.100,32.390,82.467,50.470,15.340,45.790,25.750,10.710,27.340,17.830,14.580,9.390,19.570,11.410,28.650,27.280,32.870,21.650,14.620,35.120
7/1/2004,0.000,34.600,23.200,14.300,48.570,32.790,85.233,51.000,16.207,44.300,26.150,11.380,25.350,17.870,15.170,9.970,20.060,11.830,28.950,27.570,30.080,22.110,14.970,35.550
8/1/2004,0.000,33.050,25.000,12.900,49.040,33.080,88.000,51.650,17.073,47.770,26.870,12.690,28.820,17.990,16.240,10.970,20.560,12.410,29.240,27.920,33.660,22.840,16.160,36.250
9/1/2004,0.000,30.400,24.500,10.500,49.940,33.290,88.570,52.620,17.940,48.730,27.680,13.810,29.760,18.120,17.450,11.780,20.780,13.020,29.430,28.660,34.540,23.790,16.090,36.960
10/1/2004,3.700,25.200,35.100,6.800,50.140,12.630,88.830,53.330,17.940,49.140,28.180,14.280,30.180,18.320,17.960,12.000,20.970,13.260,29.620,29.280,35.100,24.540,16.310,37.270
11/1/2004,110.200,14.600,72.900,2.300,49.980,33.150,88.560,53.540,17.610,49.260,28.350,14.480,30.390,18.280,18.000,12.050,21.150,13.290,29.640,29.460,35.240,24.900,16.420,37.350
12/1/2004,44.500,7.950,69.700,1.200,49.750,32.970,88.200,53.510,17.160,49.140,28.260,14.320,30.210,17.990,17.820,11.820,21.100,13.150,29.530,29.310,35.080,24.850,16.300,37.200
1/1/2005,75.600,8.300,70.100,1.400,49.380,32.800,86.950,53.360,16.860,48.980,28.100,14.090,30.080,17.650,17.610,11.560,20.940,12.960,29.370,29.120,34.880,24.680,16.060,37.030
2/1/2005,84.100,8.550,68.700,2.100,48.970,32.670,86.790,52.940,16.550,48.600,27.460,13.160,29.760,17.060,16.690,10.890,20.720,12.640,29.150,28.670,34.610,24.400,15.750,36.540
3/1/2005,50.700,13.600,58.800,3.800,48.550,32.720,86.680,52.470,16.180,47.890,26.850,12.190,29.120,15.360,15.010,10.160,20.400,12.470,28.960,27.820,32.270,24.080,15.370,36.100
4/1/2005,26.100,20.350,48.000,6.200,48.060,33.190,86.730,52.270,15.950,47.480,26.410,11.340,28.620,13.810,14.430,9.760,20.190,12.350,28.830,27.250,33.920,23.780,15.110,35.830
5/1/2005,17.300,25.450,38.200,9.100,47.430,33.310,86.960,52.360,16.170,47.470,26.370,11.190,28.730,13.450,14.480,9.820,20.240,12.240,28.740,27.150,33.730,23.740,15.200,35.770
6/1/2005,0.000,31.200,28.100,12.400,47.360,33.500,87.200,52.550,16.840,47.720,26.490,11.370,28.820,13.470,14.830,10.060,20.460,12.390,28.910,27.310,33.750,23.930,15.430,35.920
7/1/2005,0.000,35.700,22.000,13.200,47.530,33.770,87.000,52.940,17.550,48.080,26.630,11.670,29.040,13.630,15.370,10.490,20.780,12.690,29.290,27.570,33.880,24.340,15.750,36.370
8/1/2005,0.000,35.250,26.900,12.100,47.530,33.770,87.000,52.940,17.550,48.080,26.630,11.670,29.040,13.630,15.370,10.490,20.780,12.690,29.290,27.570,33.880,24.340,15.750,36.370
9/1/2005,4.200,29.650,29.300,9.300,47.740,34.160,87.800,53.830,18.170,48.960,27.190,12.910,29.860,13.990,16.900,11.730,21.370,13.730,29.960,28.240,34.220,25.080,16.480,37.380
10/1/2005,4.800,23.950,34.500,6.400,47.830,34.010,87.660,54.110,17.990,49.240,27.480,13.430,30.050,14.090,17.460,11.980,21.500,13.960,29.899,28.520,34.390,25.210,16.630,37.520
11/1/2005,15.300,15.300,53.000,2.600,47.503,33.957,87.097,54.213,17.753,49.187,27.580,13.293,29.783,13.940,17.487,11.770,21.457,13.767,29.838,28.560,34.203,25.120,16.467,37.307
12/1/2005,19.400,13.550,57.400,2.300,47.177,33.903,86.533,54.317,17.517,49.133,27.680,13.157,29.517,13.790,17.513,11.560,21.413,13.573,29.777,28.600,34.017,25.030,16.303,37.093
1/1/2006,84.900,8.000,71.600,1.400,46.850,33.850,85.970,54.420,17.280,49.080,27.780,13.020,29.250,13.640,17.540,11.350,21.370,13.380,29.715,28.640,33.830,24.940,16.140,36.880
2/1/2006,189.000,10.600,68.900,1.900,46.490,33.590,85.560,54.140,16.820,48.610,27.400,12.740,28.710,13.410,16.420,10.860,21.260,13.060,29.654,28.240,33.300,24.840,15.720,36.240
3/1/2006,15.300,15.800,53.300,4.400,45.610,33.300,84.960,53.850,16.320,48.340,26.780,12.420,28.260,13.170,16.010,10.210,21.130,12.730,29.593,27.700,32.300,24.710,15.600,35.820
4/1/2006,77.900,20.600,61.300,5.200,43.890,32.980,84.450,53.640,16.130,48.070,26.270,11.960,27.960,12.960,15.390,9.950,21.030,12.510,29.532,27.390,33.080,24.490,15.500,35.690
5/1/2006,16.900,26.450,42.900,9.200,44.020,33.070,84.530,53.650,16.150,48.070,26.100,11.840,27.970,12.820,15.360,9.950,21.020,12.380,29.471,27.280,32.850,24.500,15.550,35.670
6/1/2006,3.900,33.300,25.800,12.900,44.490,33.430,84.930,53.860,16.400,48.240,26.240,12.070,28.170,12.850,15.680,10.170,21.100,12.480,29.410,27.410,32.910,24.630,15.670,35.870
7/1/2006,0.000,34.550,28.800,13.500,44.920,34.030,85.420,54.180,16.970,48.560,26.350,12.350,28.340,13.030,16.040,10.630,21.250,12.740,29.349,27.620,33.250,24.840,15.870,36.460
8/1/2006,0.000,36.600,26.200,12.300,45.580,34.620,86.010,54.750,17.730,48.890,26.570,12.670,28.470,13.260,16.370,11.080,21.390,13.050,29.287,27.930,33.560,25.060,16.240,36.860
9/1/2006,0.000,30.150,32.400,9.000,46.290,34.870,86.610,55.200,18.360,49.060,26.950,12.960,28.580,13.590,16.730,11.300,21.530,13.310,29.226,28.230,33.730,25.200,16.500,37.050
10/1/2006,89.600,25.700,52.200,5.600,46.220,34.730,86.670,55.430,18.220,49.230,27.340,13.250,28.860,13.810,17.130,11.450,21.710,13.730,29.165,28.610,33.980,25.290,16.680,37.190
11/1/2006,21.000,14.400,61.300,2.300,45.610,34.160,86.170,55.410,17.640,49.240,27.440,13.210,28.920,13.740,17.120,11.290,21.710,13.820,29.104,28.680,33.980,25.210,16.710,37.070
12/1/2006,16.100,8.950,53.800,2.060,45.270,33.920,85.890,55.170,17.390,49.020,27.280,12.970,28.690,13.590,16.870,11.050,21.610,13.630,29.043,28.380,33.900,25.070,16.540,36.860
1/1/2007,55.500,7.200,69.400,1.800,45.080,33.760,85.780,54.820,17.160,48.180,27.020,18.570,28.410,13.490,16.490,10.760,21.540,13.350,28.982,28.090,33.810,24.930,16.400,36.660
2/1/2007,98.600,10.000,75.000,2.400,44.690,33.480,85.510,54.650,16.720,48.700,26.640,12.410,28.120,13.270,16.050,10.480,21.330,13.150,28.921,27.840,33.620,24.480,16.230,36.310
3/1/2007,39.000,13.250,64.300,4.100,44.320,33.310,85.350,54.400,16.350,48.530,26.370,12.120,27.750,13.110,15.590,10.290,21.150,12.950,28.859,27.560,33.450,24.240,16.050,35.950
4/1/2007,49.100,16.200,62.800,5.100,44.000,33.180,85.240,54.260,16.090,48.330,26.040,11.780,27.430,13.020,15.210,10.090,21.040,12.760,28.798,27.180,33.130,24.100,15.950,35.590
5/1/2007,15.600,27.850,43.100,10.400,44.060,33.190,85.280,54.310,16.080,48.300,25.880,11.700,27.410,12.930,15.240,10.110,21.110,12.740,28.737,27.180,33.040,24.230,15.960,35.590
6/1/2007,1.400,32.000,32.400,14.100,44.360,33.380,85.450,54.480,16.320,48.520,25.990,12.020,27.670,12.950,15.790,10.420,21.330,13.150,28.676,27.400,33.190,24.410,16.040,35.870
7/1/2007,0.000,34.700,29.400,15.900,44.670,27.610,85.640,54.760,16.710,48.770,26.190,12.600,28.140,13.120,16.710,10.760,21.480,13.450,28.615,27.770,33.480,24.650,16.160,36.170
8/1/2007,0.000,34.450,32.500,14.100,45.020,34.080,85.900,54.960,17.220,48.950,26.470,12.950,28.520,13.490,17.390,11.250,21.580,13.710,28.554,28.090,33.750,24.990,16.320,36.420
9/1/2007,0.000,30.750,32.500,11.400,45.210,34.490,86.060,55.400,17.670,49.510,26.920,13.240,28.840,14.390,17.940,11.920,21.830,14.110,28.493,28.670,34.470,25.220,16.710,36.910
10/1/2007,0.000,25.200,35.600,8.400,45.300,34.850,86.200,56.190,17.880,49.870,27.420,13.540,29.080,14.820,18.250,12.230,22.100,14.450,28.431,28.960,35.120,25.460,16.920,37.190
11/1/2007,5.300,16.050,46.900,4.300,45.230,35.020,86.160,56.500,17.840,50.040,27.490,13.530,29.090,14.390,18.210,12.190,22.140,14.440,28.370,28.530,35.080,25.450,16.890,37.130
12/1/2007,8.900,10.400,57.700,2.600,45.060,34.940,86.060,56.600,17.750,50.140,27.390,13.230,28.920,15.060,17.930,12.040,22.060,14.270,28.309,28.870,34.930,25.330,16.770,36.970
1/1/2008,42.400,5.950,61.700,2.000,44.930,34.840,86.100,56.730,17.590,50.110,27.290,13.290,28.720,15.210,17.530,11.620,21.980,14.100,28.248,28.780,34.750,25.230,16.600,36.770
2/1/2008,53.100,9.650,63.100,2.900,44.760,34.750,86.090,56.890,17.280,50.010,27.210,12.750,28.470,15.340,17.270,11.260,21.880,13.950,28.187,28.680,34.620,25.170,16.460,36.660
3/1/2008,61.400,18.500,48.400,6.500,44.580,34.580,86.210,57.030,16.940,49.770,27.170,12.530,28.730,15.400,17.070,11.050,21.780,13.740,28.126,28.540,34.510,25.100,16.410,36.550
4/1/2008,4.600,23.150,37.200,10.200,44.640,34.720,86.440,57.110,16.970,49.790,27.190,12.510,28.430,15.420,17.050,11.040,21.810,13.700,28.065,28.510,34.510,25.110,16.540,36.540
5/1/2008,1.900,25.100,31.000,11.700,44.860,34.970,86.670,57.170,17.190,49.820,27.220,12.670,28.620,15.490,17.110,11.180,21.880,13.910,28.003,28.560,34.560,25.170,16.770,36.630
6/1/2008,0.000,31.650,27.600,14.900,45.080,35.250,86.890,57.290,17.550,49.870,27.340,13.000,29.100,15.860,17.210,11.370,21.980,14.030,27.942,28.780,34.940,25.290,17.000,36.950
7/1/2008,0.000,34.650,24.300,16.000,45.320,35.580,87.170,57.540,17.990,50.030,27.620,14.170,30.120,16.860,18.370,12.200,22.200,14.530,27.881,29.140,35.430,25.520,17.520,37.520
8/1/2008,0.000,35.600,26.600,15.400,45.580,35.820,87.480,57.660,18.350,50.260,28.110,14.640,30.840,17.390,19.060,12.600,22.430,15.010,27.820,29.120,35.960,25.960,17.940,38.010
9/1/2008,32.600,30.600,32.000,11.100,45.900,36.110,87.860,57.730,18.790,50.680,28.490,14.800,31.080,18.280,19.370,12.770,22.800,15.230,27.930,29.430,36.320,26.360,18.120,38.410
10/1/2008,50.100,23.000,48.800,6.500,46.220,36.400,88.270,57.800,19.180,51.240,29.000,15.090,31.260,19.130,19.580,12.990,23.150,15.390,28.250,29.910,36.900,26.930,18.240,39.000
11/1/2008,19.200,16.200,58.100,3.900,46.470,36.660,88.660,57.900,19.140,51.700,29.060,15.130,31.290,19.290,19.470,13.010,23.260,15.400,28.410,30.060,36.940,26.860,18.240,39.100
12/1/2008,32.200,10.150,58.800,2.600,46.670,36.600,89.110,57.970,18.880,51.960,28.960,14.920,31.190,19.370,19.110,12.740,23.180,15.130,28.500,30.130,36.870,26.730,18.100,38.960
1/1/2009,1.600,8.200,59.500,2.300,46.860,36.150,89.540,57.820,18.580,51.910,28.860,14.610,31.050,19.340,18.670,12.580,23.130,14.960,28.490,30.070,36.710,26.630,17.940,38.840
2/1/2009,29.000,12.850,56.800,3.600,47.240,35.970,89.840,57.590,18.350,51.720,28.650,14.360,30.850,19.210,18.380,12.370,23.060,14.710,32.420,29.840,36.550,26.530,17.850,38.720
3/1/2009,88.700,13.500,61.300,4.300,47.140,36.070,90.230,57.370,17.960,51.580,28.540,14.130,30.630,19.140,18.150,12.260,23.010,14.600,28.360,29.680,36.370,26.380,17.740,38.570
4/1/2009,28.600,18.150,51.200,6.400,47.190,36.100,90.530,57.110,17.900,51.460,28.450,13.880,30.390,19.080,17.820,12.020,22.970,14.460,32.420,29.340,36.240,26.260,17.680,38.470
5/1/2009,0.000,26.200,31.400,10.300,47.440,36.300,105.100,57.090,18.150,51.510,28.470,13.850,30.430,19.210,17.710,12.030,22.990,14.490,30.520,29.310,36.220,26.250,17.740,38.510
6/1/2009,5.500,32.200,24.700,14.000,47.720,36.480,90.970,57.210,18.440,51.800,28.770,14.120,30.810,19.600,18.030,12.260,23.070,14.810,28.620,29.560,36.320,26.370,17.910,38.830
7/1/2009,0.000,33.750,27.000,13.000,48.010,36.690,91.330,57.550,18.770,52.060,29.550,15.520,32.280,20.150,19.450,13.170,23.310,15.490,28.810,29.980,36.580,27.010,19.090,39.610
8/1/2009,0.000,32.900,27.900,12.400,49.720,37.070,91.640,58.100,19.190,52.520,30.080,16.020,33.090,20.460,20.540,13.620,23.720,15.920,28.940,30.230,37.170,27.520,19.540,40.400
9/1/2009,10.100,27.700,33.100,9.300,49.720,37.070,91.640,58.390,19.190,53.010,30.290,16.090,33.210,20.670,20.990,13.700,23.880,16.050,28.980,30.480,37.530,27.650,19.570,40.830
10/1/2009,26.500,24.350,36.900,6.900,52.480,37.990,92.210,58.700,19.550,54.790,30.470,16.280,33.280,20.850,21.340,13.790,24.130,16.200,29.180,30.810,37.880,27.850,19.670,41.120
11/1/2009,16.300,15.760,61.700,3.300,53.140,38.290,92.440,58.990,19.890,55.290,30.570,16.410,33.360,21.070,21.460,13.870,24.390,16.320,29.290,31.060,38.090,27.990,19.880,41.330
12/1/2009,105.600,12.200,72.500,1.800,52.980,37.700,92.280,59.110,19.430,55.350,30.820,15.890,33.130,21.410,20.980,13.730,24.280,16.210,29.440,31.350,37.870,27.970,19.870,41.280
1/1/2010,34.900,11.860,67.000,2.800,52.650,37.150,91.930,57.890,18.890,50.140,30.960,15.420,32.750,21.780,18.620,13.370,24.320,15.820,29.660,30.820,36.720,28.200,18.870,40.250
2/1/2010,74.300,12.335,66.000,2.800,52.310,36.970,91.700,57.750,18.380,49.990,29.180,14.610,32.610,21.620,18.210,12.570,24.130,15.620,29.550,30.490,36.200,27.970,18.510,40.030
3/1/2010,71.000,16.400,60.200,4.900,52.040,36.780,91.570,56.990,18.000,49.430,28.850,13.460,31.280,20.750,17.550,11.860,23.230,14.790,28.750,29.600,35.570,25.380,17.900,38.990
4/1/2010,5.200,19.300,58.600,5.200,52.170,37.300,91.600,57.200,17.960,49.300,28.400,13.280,30.420,19.750,16.980,11.280,22.950,14.410,28.440,29.240,35.280,26.220,17.630,38.440
5/1/2010,25.600,25.900,40.100,9.800,52.360,37.380,91.780,57.280,18.110,50.170,28.160,13.430,30.830,19.790,17.850,11.830,23.160,14.600,28.630,29.400,35.390,26.380,17.840,38.560
6/1/2010,0.000,32.500,27.000,13.300,52.630,37.540,92.060,57.410,18.380,50.390,28.760,13.610,31.200,19.860,18.010,12.060,23.300,14.800,28.710,29.610,35.540,26.460,17.990,38.680
7/1/2010,0.000,35.350,26.200,13.900,53.070,37.770,92.290,57.410,18.630,50.390,28.760,13.610,31.200,19.860,18.010,12.060,23.300,14.800,28.710,29.610,35.540,26.460,17.990,36.680
8/1/2010,0.000,36.150,24.600,9.600,48.440,37.980,92.550,58.020,18.920,51.610,29.190,13.930,32.620,20.490,18.930,12.520,23.550,15.320,28.970,30.160,35.870,27.260,18.350,39.080
9/1/2010,1.200,31.750,30.700,9.600,53.740,38.200,92.820,58.190,19.170,51.880,29.320,14.070,33.020,20.650,19.060,12.630,23.690,15.590,29.020,30.320,36.090,27.630,18.500,39.260
10/1/2010,4.900,24.775,45.600,6.200,54.020,38.380,93.030,58.390,19.300,52.060,29.470,14.270,33.230,20.800,19.180,12.810,23.890,15.750,29.120,30.430,36.260,27.730,18.630,39.490
11/1/2010,0.000,19.270,45.200,4.700,54.270,38.590,93.220,58.760,19.470,52.150,29.710,14.860,33.430,21.100,19.570,12.970,24.100,15.860,29.280,30.590,36.440,27.910,18.820,39.740
12/1/2010,43.300,13.300,59.300,2.600,54.520,38.740,93.350,58.870,18.150,52.260,29.860,14.800,33.390,21.270,19.450,12.870,24.030,15.780,29.410,30.750,36.340,27.870,18.790,39.720
1/1/2011,113.900,8.900,75.400,1.600,61.700,38.300,93.910,58.470,18.300,51.960,29.520,14.150,33.150,20.970,18.830,12.510,23.820,15.410,29.260,30.150,36.110,27.120,18.500,39.020
2/1/2011,42.800,10.050,73.000,2.300,66.375,38.467,97.176,58.449,18.550,51.960,29.499,14.148,33.154,20.938,18.865,12.526,23.810,15.445,29.236,30.179,36.115,27.200,18.505,39.058
3/1/2011,30.500,13.950,65.500,4.300,71.050,38.633,100.441,58.427,18.800,51.960,29.478,14.145,33.158,20.905,18.900,12.543,23.800,15.480,29.213,30.208,36.120,27.280,18.510,39.095
4/1/2011,101.500,19.400,58.400,6.300,75.725,38.800,103.707,58.406,19.050,51.960,29.456,14.143,33.161,20.873,18.935,12.559,23.790,15.515,29.189,30.236,36.125,27.360,18.515,39.133
5/1/2011,12.700,25.050,45.300,8.600,80.400,38.967,106.972,58.385,19.300,51.960,29.435,14.140,33.165,20.840,18.970,12.575,23.780,15.550,29.165,30.265,36.130,27.440,18.520,39.170
6/1/2011,0.000,31.700,39.100,12.800,85.075,39.133,110.238,58.364,19.550,51.960,29.414,14.138,33.169,20.808,19.005,12.591,23.770,15.585,29.141,30.294,36.135,27.520,18.525,39.208
7/1/2011,0.000,35.450,25.700,12.800,89.750,39.300,113.503,58.343,19.800,51.960,29.393,14.135,33.173,20.775,19.040,12.608,23.760,15.620,29.118,30.322,36.140,27.600,18.530,39.245
8/1/2011,0.000,34.450,27.300,11.700,94.425,39.467,116.769,58.321,20.050,51.960,29.371,14.133,33.176,20.743,19.075,12.624,23.750,15.655,29.094,30.351,36.145,27.680,18.535,39.283
9/1/2011,0.000,29.650,34.100,8.700,99.100,39.633,120.034,58.300,20.300,51.960,29.350,14.130,33.180,20.710,19.110,12.640,23.740,15.690,29.070,30.380,36.150,27.760,18.540,39.320
10/1/2011,9.200,22.350,43.600,5.500,99.200,39.800,123.300,58.400,20.100,52.050,29.410,14.200,33.220,20.740,19.770,12.750,23.840,15.740,29.110,30.450,36.200,27.740,18.600,39.440
11/1/2011,7.400,12.550,55.600,2.600,99.600,39.967,123.800,58.510,18.200,52.100,29.500,14.350,33.280,20.800,19.700,12.810,23.910,15.780,29.190,30.500,36.300,27.820,18.700,39.500
12/1/2011,25.000,10.750,56.000,2.500,99.550,40.133,123.800,58.470,20.100,52.180,29.480,14.400,33.250,20.000,19.670,12.800,23.890,15.750,29.210,30.530,36.340,27.790,18.680,39.560
1/1/2012,56.100,8.200,74.400,1.700,96.538,40.300,129.625,58.148,20.025,51.455,29.205,14.125,32.550,19.933,18.975,12.423,23.655,15.410,29.008,30.198,36.075,27.393,18.440,39.275
2/1/2012,31.500,9.550,63.600,2.900,93.525,40.467,135.450,57.825,19.950,50.730,28.930,13.850,31.850,19.865,18.280,12.045,23.420,15.070,28.805,29.865,35.810,26.995,18.200,38.990
3/1/2012,72.100,11.200,61.700,3.600,90.513,40.633,141.275,57.503,19.875,50.005,28.655,13.575,31.150,19.798,17.585,11.668,23.185,14.730,28.603,29.533,35.545,26.598,17.960,38.705
4/1/2012,14.500,21.950,49.000,6.900,87.500,40.800,147.100,57.180,19.800,49.280,28.380,13.300,30.450,19.730,16.890,11.290,22.950,14.390,28.400,29.200,35.280,26.200,17.720,38.420
5/1/2012,26.800,27.100,41.500,10.000,89.000,41.500,148.500,57.280,19.700,49.450,28.470,13.380,30.600,19.760,17.000,11.410,23.100,14.460,28.560,29.370,35.370,26.320,17.760,38.500
6/1/2012,0.000,33.150,25.800,13.300,90.400,41.700,149.700,57.470,20.900,50.480,28.840,13.690,31.200,19.900,18.070,12.150,23.340,14.900,28.750,29.740,35.580,26.510,18.020,28.740
7/1/2012,0.000,35.900,22.100,13.600,93.000,41.950,150.700,58.000,21.100,50.930,28.860,13.700,32.210,19.960,18.090,12.160,23.410,15.400,29.100,30.100,35.620,27.200,18.060,38.920
8/1/2012,0.000,35.150,28.500,12.300,95.500,43.900,152.000,58.000,21.800,50.930,28.860,13.700,32.210,19.960,18.090,12.160,23.410,15.400,29.100,30.100,35.620,27.200,18.060,38.920
9/1/2012,0.200,30.800,29.000,9.200,98.000,44.500,153.500,58.300,22.200,51.200,29.310,14.790,32.310,20.420,18.260,13.480,23.640,15.640,29.420,30.600,35.890,27.450,19.210,39.200
10/1/2012,23.400,24.450,48.600,5.400,94.500,44.650,152.720,57.000,21.975,60.300,37.000,19.200,35.100,22.260,21.800,18.600,24.400,30.400,40.300,47.200,37.200,34.200,21.300,40.000
11/1/2012,45.900,17.150,64.600,2.800,94.750,44.650,151.940,61.870,21.750,55.100,31.650,16.210,34.940,24.100,22.250,16.310,24.850,19.930,31.820,31.540,38.100,30.890,21.320,40.690
12/1/2012,95.900,6.000,77.200,1.700,95.000,43.800,151.160,61.900,21.200,55.200,31.710,16.300,34.970,24.180,22.300,16.390,24.910,19.980,31.880,31.540,38.240,30.910,21.350,40.720
1/1/2013,174.400,7.450,73.900,1.500,85.500,42.900,150.380,63.300,20.800,56.080,33.850,17.350,36.670,25.050,22.300,16.000,33.000,20.750,34.600,32.200,39.450,31.500,25.600,41.300
2/1/2013,55.800,12.050,75.600,2.200,76.000,42.850,149.600,63.050,20.650,56.220,33.710,17.000,36.150,25.000,21.700,15.830,32.200,20.600,34.200,32.120,39.270,31.400,25.330,41.600
3/1/2013,17.700,14.950,61.600,4.000,66.500,42.000,148.820,63.230,20.500,56.300,34.400,17.200,36.470,25.200,21.500,15.800,32.800,20.400,34.430,32.500,39.820,31.550,25.400,42.100
4/1/2013,37.400,20.350,53.900,5.000,66.000,41.900,148.040,63.500,19.900,56.400,35.000,18.000,36.800,25.400,21.600,16.200,33.120,24.450,34.710,33.000,41.960,31.680,25.530,44.100
5/1/2013,40.600,25.300,47.700,7.200,66.150,42.000,147.260,63.800,20.100,56.700,35.400,18.300,37.000,26.000,22.100,16.390,33.800,24.750,35.050,33.450,44.100,32.400,26.100,46.100
6/1/2013,0.000,31.400,31.200,10.500,66.300,42.150,146.480,64.050,20.200,57.000,36.050,19.000,25.300,26.500,22.550,16.580,34.400,25.100,35.600,33.920,44.900,32.820,26.800,46.800
7/1/2013,0.000,34.300,29.100,11.300,66.500,42.300,145.700,64.320,20.250,57.200,36.520,19.400,25.920,26.770,22.900,16.770,34.900,25.270,35.800,34.100,45.150,33.100,27.300,47.500
8/1/2013,0.000,34.050,28.700,10.500,66.950,42.610,144.920,65.060,20.860,58.100,37.200,20.100,27.100,27.850,24.050,16.961,35.420,25.500,36.400,34.950,45.800,34.040,28.750,48.000
9/1/2013,0.000,28.800,37.800,8.100,67.000,42.710,144.140,65.820,20.910,59.940,37.950,21.030,28.200,28.720,25.000,17.151,36.100,25.693,37.050,35.700,46.100,34.900,29.500,48.430
10/1/2013,0.200,23.200,39.400,6.500,67.840,42.950,143.360,65.820,21.800,60.800,38.620,22.400,28.500,29.500,25.800,17.341,36.730,25.887,37.550,36.500,46.400,35.700,31.820,48.950
11/1/2013,19.100,17.400,67.900,2.600,67.850,42.930,142.580,67.500,21.810,61.720,39.410,23.800,29.050,30.120,26.000,17.531,37.150,26.080,38.100,37.250,46.700,38.000,32.150,49.220
12/1/2013,86.600,9.600,66.000,1.700,67.800,42.580,141.800,67.390,21.000,61.450,39.280,23.250,28.910,25.780,25.780,17.721,36.970,25.900,38.100,37.060,46.450,37.890,31.850,49.050
1/1/2014,74.900,10.600,72.100,1.500,67.680,42.450,141.020,67.230,20.900,61.400,39.160,22.850,28.790,29.910,25.000,17.911,36.850,25.500,38.500,37.000,46.400,37.800,31.300,49.000
2/1/2014,8.200,11.500,56.000,3.100,67.620,42.400,140.240,69.100,20.850,62.900,40.920,22.300,31.100,31.100,24.520,18.101,39.200,25.410,37.200,38.800,48.100,38.000,32.050,49.500
3/1/2014,93.400,15.800,66.200,3.600,67.180,42.317,139.460,69.463,20.633,64.967,41.713,23.500,35.773,33.167,26.117,18.292,40.347,27.173,38.833,40.733,49.283,38.525,33.000,50.025
4/1/2014,14.700,20.600,48.600,5.500,66.740,42.233,138.680,69.827,20.417,67.033,42.507,24.700,40.447,35.233,27.713,18.482,41.493,28.937,40.467,42.667,50.467,39.050,33.950,50.550
5/1/2014,2.500,27.300,39.800,8.800,66.300,42.150,137.900,70.190,20.200,69.100,43.300,25.900,45.120,37.300,29.310,18.672,42.640,30.700,42.100,44.600,51.650,39.575,34.900,51.075
6/1/2014,0.000,31.800,30.300,11.800,67.100,42.190,137.120,71.000,20.400,70.100,43.700,26.300,45.300,37.370,29.560,18.862,42.900,30.240,40.100,43.800,51.900,40.100,35.400,51.600
7/1/2014,0.000,35.000,29.100,12.800,67.093,42.221,136.340,71.246,20.622,70.363,43.970,26.554,46.483,37.547,29.753,19.052,44.637,30.606,40.613,44.201,52.088,40.100,36.180,52.115
8/1/2014,1.000,35.300,28.300,11.700,67.087,42.251,135.560,71.493,20.843,70.625,44.240,26.808,47.667,37.724,29.945,19.242,46.373,30.972,41.125,44.601,52.275,40.100,36.960,52.630
9/1/2014,0.000,29.600,39.800,8.800,67.080,42.282,134.780,71.739,21.065,70.887,44.510,27.062,48.850,37.901,30.138,19.432,48.110,31.339,41.638,45.002,52.463,40.100,37.740,53.145
10/1/2014,68.700,22.800,58.600,4.400,67.073,42.313,134.000,71.985,21.286,71.150,44.780,27.316,50.033,38.078,30.331,19.623,49.847,31.705,42.150,45.402,52.650,40.100,38.520,53.659
11/1/2014,69.200,14.600,65.600,2.400,67.067,42.343,133.220,72.231,21.508,71.413,45.050,27.570,51.217,38.254,30.523,19.813,51.583,32.071,42.663,45.803,52.838,40.100,39.300,54.174
12/1/2014,56.000,11.700,74.700,1.400,67.060,42.374,132.440,72.478,21.729,71.675,45.320,27.824,52.400,38.431,30.716,20.003,53.320,32.437,43.175,46.203,53.025,40.100,40.080,54.689
1/1/2015,37.400,9.050,72.500,1.500,67.053,42.405,131.660,72.724,21.951,71.938,45.590,28.078,53.583,38.608,30.909,20.193,55.057,32.803,43.688,46.604,53.213,40.100,40.860,55.204
2/1/2015,44.300,11.000,68.400,2.000,67.047,42.435,130.880,72.970,22.172,72.200,45.860,28.332,54.767,38.785,31.101,20.383,56.793,33.170,44.200,47.004,53.400,40.100,41.640,55.719
3/1/2015,56.800,14.200,64.300,3.100,67.040,42.466,130.100,73.216,22.394,72.462,46.130,28.586,55.950,38.962,31.294,20.573,58.530,33.536,44.713,47.405,53.588,40.100,42.420,56.234
4/1/2015,17.300,19.200,52.200,4.900,67.033,42.497,129.320,73.463,22.616,72.725,46.400,28.840,57.133,39.139,31.487,20.763,60.267,33.902,45.225,47.805,53.775,40.100,43.200,56.748
5/1/2015,5.400,27.400,34.500,9.500,67.027,42.527,128.540,73.709,22.837,72.988,46.670,29.094,58.317,39.316,31.679,20.953,62.003,34.268,45.738,48.206,53.963,40.100,43.980,57.263
6/1/2015,0.000,31.500,33.200,12.000,67.020,42.558,127.760,73.955,23.059,73.250,46.940,29.348,59.500,39.493,31.872,21.144,63.740,34.634,46.250,48.606,54.150,40.100,44.760,57.778
7/1/2015,0.000,36.150,25.400,12.100,67.013,42.589,126.980,74.201,23.280,73.513,47.210,29.602,60.683,39.669,32.065,21.334,65.477,35.001,46.762,49.007,54.338,40.100,45.540,58.293
8/1/2015,0.000,35.450,30.800,11.600,67.007,42.619,126.200,74.448,23.502,73.775,47.480,29.856,61.867,39.846,32.257,21.524,67.213,35.367,47.275,49.407,54.525,40.100,46.320,58.808
9/1/2015,4.500,32.250,29.900,9.000,67.000,42.650,125.420,74.694,23.723,74.038,47.750,30.110,63.050,40.023,32.450,21.714,68.950,35.733,47.787,49.808,54.713,40.100,47.100,59.323
10/1/2015,36.400,24.600,54.600,5.000,67.500,42.800,124.640,74.940,23.945,74.300,50.450,30.150,63.150,40.200,32.500,21.904,69.050,36.099,48.300,50.208,54.900,40.100,46.800,59.838
11/1/2015,104.400,15.050,69.800,2.600,67.420,42.770,123.860,75.187,24.166,70.450,47.700,30.100,62.700,38.200,32.150,22.094,69.790,36.466,45.350,50.609,62.380,40.100,47.000,60.352
12/1/2015,115.800,9.900,67.700,1.600,67.000,42.740,123.080,75.433,24.388,66.050,47.100,30.900,53.800,34.400,31.900,22.284,62.800,36.832,43.100,51.009,60.300,40.100,43.700,60.867
1/1/2016,45.600,7.900,76.400,1.300,67.376,42.720,122.300,75.679,24.609,65.000,46.150,29.600,52.550,32.900,31.500,22.475,61.000,37.198,43.050,51.410,69.250,40.100,42.850,61.382
2/1/2016,33.000,12.150,65.300,2.400,67.751,42.690,121.520,75.925,24.831,64.800,46.510,28.800,51.550,32.700,30.550,22.665,59.720,37.564,42.720,51.810,68.890,40.100,42.100,61.897
3/1/2016,103.500,17.600,55.200,3.900,68.127,42.660,120.740,76.172,25.053,64.780,46.480,28.780,51.500,32.670,30.520,22.855,59.700,37.930,42.680,52.211,68.780,40.100,41.700,62.412
4/1/2016,46.400,19.650,53.900,6.500,68.502,42.715,119.960,76.418,25.274,64.890,47.280,30.440,57.500,34.260,31.385,23.045,63.900,38.297,44.365,52.611,70.940,40.100,41.325,62.927
5/1/2016,6.400,26.100,40.500,8.300,68.878,42.770,119.180,76.664,25.496,65.000,48.080,32.100,63.500,35.850,32.250,23.235,68.100,38.663,46.050,53.012,73.100,40.100,40.950,63.442
6/1/2016,2.500,32.550,32.000,11.900,69.254,43.030,118.400,76.910,25.717,56.700,48.900,32.900,64.000,36.920,33.150,23.425,69.070,39.029,46.650,53.412,73.720,40.100,41.150,63.956
7/1/2016,0.000,35.450,27.300,12.400,69.629,43.015,117.620,77.157,25.939,61.200,34.775,33.900,66.150,38.360,34.400,23.615,72.440,39.395,46.725,53.813,75.260,40.100,44.675,64.471
8/1/2016,0.000,36.150,30.500,11.400,70.005,43.000,116.840,77.403,26.160,65.700,20.650,34.900,68.300,39.800,35.650,23.806,75.810,39.761,46.800,54.213,76.800,40.100,48.200,64.986
9/1/2016,0.000,29.500,39.400,8.400,70.380,41.200,116.060,77.649,26.382,69.200,38.775,35.900,70.450,42.200,36.900,23.996,79.180,40.128,47.000,54.614,79.950,40.100,51.725,65.501
10/1/2016,0.000,24.500,41.000,5.700,70.756,47.100,115.280,77.896,26.603,70.350,56.900,36.900,72.600,39.300,38.150,24.186,82.550,40.494,45.900,55.014,80.235,40.100,55.250,66.016
11/1/2016,22.300,15.550,47.500,3.500,71.132,47.000,114.500,78.142,26.825,71.000,53.100,37.500,65.850,38.280,37.900,24.376,73.800,40.860,45.850,55.415,80.521,40.100,55.450,66.531
12/1/2016,116.100,8.650,76.400,1.300,71.507,46.800,113.720,78.388,27.047,70.225,52.855,36.175,62.125,37.405,37.000,24.566,69.805,41.226,45.620,55.815,80.806,40.100,53.750,67.045
1/1/2017,37.900,11.690,68.839,1.700,71.883,46.600,112.940,78.634,27.268,69.450,52.610,34.850,58.400,36.530,36.100,24.756,65.810,41.592,45.390,56.216,81.092,40.100,52.050,67.560
2/1/2017,23.400,10.879,63.500,2.600,72.259,46.400,112.160,78.881,27.490,68.500,52.230,34.310,57.320,36.100,35.580,24.946,63.620,41.959,45.590,56.616,81.377,40.100,49.050,68.075
3/1/2017,77.800,17.222,65.516,3.000,72.634,54.950,111.380,79.127,27.711,68.720,52.530,34.380,57.550,36.150,36.410,25.137,65.100,42.325,45.700,57.017,81.663,40.100,51.320,68.590
4/1/2017,55.800,28.285,58.300,4.600,73.010,55.120,110.600,79.373,27.933,68.900,52.190,35.150,60.920,36.100,36.050,25.327,67.220,42.691,45.950,57.417,81.948,40.100,53.150,69.105
5/1/2017,4.400,29.555,38.065,9.000,73.385,56.000,109.820,79.619,28.154,72.360,55.320,39.100,69.100,37.420,39.320,25.517,73.830,43.057,46.880,57.818,82.234,40.100,55.720,69.620
6/1/2017,0.000,34.213,34.967,11.000,73.761,58.000,109.040,79.866,28.376,72.420,55.950,39.800,70.300,38.400,40.500,25.707,75.320,43.423,49.320,58.218,82.519,40.100,56.300,70.135
7/1/2017,0.000,36.584,32.194,13.200,74.137,59.300,108.260,80.112,28.597,72.500,56.300,40.650,70.820,39.200,41.190,25.897,78.540,43.790,52.300,58.619,82.805,40.100,57.700,70.649
8/1/2017,0.000,34.383,31.258,13.500,74.512,59.870,107.480,80.358,28.819,73.300,58.100,42.730,74.050,40.300,43.000,26.087,76.950,44.156,48.920,59.019,83.090,40.100,62.100,71.164
9/1/2017,0.000,27.310,31.300,10.100,74.888,60.200,106.700,80.604,29.041,74.150,60.350,44.320,78.110,41.200,43.510,26.277,79.900,44.522,48.350,59.420,83.376,40.100,64.380,71.679
10/1/2017,0.000,23.635,44.065,6.800,75.263,60.700,105.920,80.851,29.262,75.890,62.380,44.850,79.530,43.790,44.820,26.468,83.820,44.888,50.320,59.820,83.661,40.100,65.780,72.194
11/1/2017,37.600,16.798,62.033,2.900,75.639,53.500,105.140,81.097,29.484,76.170,60.100,43.570,74.900,43.890,44.380,26.658,85.220,45.254,49.150,60.221,83.947,40.100,63.570,72.709
12/1/2017,29.400,13.800,60.100,2.600,76.015,53.700,104.360,81.343,29.705,72.960,59.350,44.120,72.830,43.720,44.580,26.848,82.800,45.621,48.350,60.621,84.232,40.100,64.170,73.224
1/1/2018,44.000,10.650,61.600,2.200,76.390,49.880,103.580,81.590,29.927,72.395,58.370,43.360,72.160,41.065,44.190,27.038,79.500,45.987,48.340,61.022,84.518,40.100,62.420,73.738
2/1/2018,164.400,12.400,71.600,2.200,76.766,49.200,102.800,81.836,30.148,71.830,57.390,42.600,71.490,38.410,43.800,27.228,76.200,46.353,48.330,61.422,84.803,40.100,60.670,74.253
3/1/2018,8.000,18.350,57.200,4.800,77.141,49.500,102.020,82.082,30.370,75.900,59.100,42.850,70.820,40.100,44.750,27.418,77.320,46.719,49.500,61.823,85.089,40.100,61.350,74.768
4/1/2018,77.900,21.200,52.100,6.900,77.517,48.000,101.240,82.328,30.591,75.900,61.500,42.890,73.950,39.300,42.350,27.608,88.900,47.086,53.100,62.223,85.374,40.100,70.320,75.283
5/1/2018,74.600,25.800,50.500,7.900,77.893,50.100,100.460,82.575,30.813,78.320,62.150,42.920,75.900,39.520,44.850,27.798,90.150,47.452,51.580,62.624,85.660,40.100,68.850,75.798
6/1/2018,1.700,31.800,38.000,11.400,78.268,50.120,99.680,82.821,31.034,80.930,64.720,46.320,79.800,41.830,46.920,27.989,92.300,47.818,51.500,63.024,85.945,40.100,70.450,76.313
7/1/2018,0.000,35.450,34.300,12.900,78.644,51.000,98.900,83.067,31.256,80.390,67.810,51.420,87.320,43.200,54.800,28.179,98.700,48.184,51.030,63.425,86.231,40.100,70.210,76.828
8/1/2018,0.000,34.550,31.200,11.200,79.020,53.000,98.120,83.313,31.478,85.300,70.220,52.810,90.310,45.080,56.870,28.369,99.870,48.550,51.720,63.825,86.516,40.100,73.900,77.342
9/1/2018,0.000,31.850,32.000,9.500,79.395,54.000,97.340,83.560,31.699,88.350,73.220,53.690,97.100,46.390,57.990,28.559,102.900,48.917,53.700,64.226,86.802,40.100,75.300,77.857
10/1/2018,42.300,25.700,47.500,6.000,79.771,56.000,96.560,83.806,31.921,86.600,70.200,52.890,83.300,43.900,57.300,28.749,96.100,49.283,51.220,64.626,87.087,40.100,74.130,78.372
11/1/2018,132.900,15.950,73.600,2.200,80.146,53.250,95.780,84.052,32.142,83.470,68.283,50.155,79.275,42.542,54.100,28.939,91.050,49.649,50.465,65.027,87.373,40.100,72.540,78.887
12/1/2018,187.800,11.500,82.100,0.900,80.522,50.500,95.000,84.299,32.364,80.340,66.367,47.420,75.250,41.184,50.900,29.129,86.000,50.015,49.710,65.427,87.658,40.100,70.950,79.402
1/1/2019,119.100,9.500,73.600,1.600,80.898,47.750,94.220,84.545,32.585,77.210,64.450,44.685,71.225,39.826,47.700,29.320,80.950,50.381,48.955,65.828,87.944,40.100,69.360,79.917
2/1/2019,64.200,10.800,71.600,1.800,81.273,45.000,93.440,84.791,32.807,74.080,62.533,41.950,67.200,38.468,44.500,29.510,75.900,50.748,48.200,66.228,88.229,40.100,67.770,80.432
3/1/2019,220.100,12.400,74.400,2.200,81.649,44.800,92.660,85.037,33.028,70.950,60.617,39.600,65.750,37.110,41.830,29.700,72.650,51.114,46.800,66.629,88.515,40.100,61.010,80.946
4/1/2019,123.500,15.715,71.300,4.300,82.024,46.590,91.880,85.284,33.250,70.450,58.700,39.480,63.150,27.830,41.950,29.890,71.150,51.480,44.950,67.029,88.800,40.100,60.090,81.461
5/1/2019,5.400,26.200,45.000,10.300,82.400,48.380,91.100,85.530,32.400,84.700,58.320,39.310,62.400,26.650,41.500,30.120,70.950,50.920,45.650,67.430,87.520,40.100,61.120,81.976
6/1/2019,0.700,33.000,32.800,14.700,75.800,54.000,91.100,85.776,33.850,85.620,58.950,41.810,74.510,29.600,44.580,31.200,77.970,53.900,46.900,75.300,89.420,40.100,65.400,82.491
7/1/2019,0.000,33.100,31.800,14.000,75.650,55.800,90.700,86.022,35.200,85.910,59.950,44.310,78.930,33.980,48.925,34.483,82.380,60.130,47.150,83.890,89.005,40.100,67.610,83.006
8/1/2019,0.000,34.850,31.900,18.500,76.800,56.335,91.410,86.269,36.800,86.310,61.080,51.250,82.330,35.000,53.270,37.765,82.865,64.420,52.910,89.060,88.590,40.100,71.300,83.521
9/1/2019,0.000,30.150,32.900,11.600,76.900,56.870,92.100,86.515,38.800,85.400,62.210,52.130,84.510,37.310,54.020,41.048,83.350,65.010,48.150,83.350,89.493,40.100,77.300,84.035
10/1/2019,19.300,25.400,47.900,9.700,81.100,56.900,92.800,86.761,40.300,85.500,62.910,51.050,86.690,37.300,53.380,44.330,83.835,64.830,48.490,82.900,90.397,40.100,77.300,84.550
11/1/2019,3.900,16.600,52.700,4.800,76.800,56.490,88.500,87.007,38.900,89.420,61.820,48.350,81.520,25.600,51.620,39.950,84.320,60.020,48.060,65.450,91.300,40.100,77.300,85.065
12/1/2019,45.800,12.250,76.100,2.200,76.700,56.041,88.400,87.254,39.700,88.420,60.910,46.510,76.710,22.520,47.100,38.730,80.950,57.120,47.550,65.340,91.350,40.100,76.590,85.580
1/1/2020,101.400,9.050,80.900,1.800,73.500,55.592,87.600,87.500,39.450,104.000,60.900,40.100,71.900,20.430,45.950,39.945,74.920,55.430,47.080,64.090,95.315,40.100,75.880,81.330
2/1/2020,55.700,9.850,78.900,4.300,74.550,55.143,88.700,87.500,39.925,104.106,62.233,42.425,74.135,20.408,47.827,41.161,78.005,57.503,47.219,64.975,99.280,40.100,75.170,82.760
3/1/2020,126.500,15.500,73.800,4.700,75.600,54.694,89.800,87.500,40.400,104.211,63.567,44.750,76.370,20.387,49.703,42.376,81.090,59.577,47.358,65.860,103.245,40.100,74.460,84.190
4/1/2020,43.200,18.700,66.700,4.300,76.650,54.246,90.900,87.500,40.875,104.317,64.900,47.075,78.605,20.365,51.580,43.592,84.175,61.650,47.497,66.745,107.210,40.100,73.750,85.620
5/1/2020,14.300,25.900,55.600,9.900,77.700,53.797,92.000,87.500,41.350,104.422,66.233,49.400,80.840,20.343,53.457,44.807,87.260,63.723,47.636,67.630,111.175,40.100,73.040,87.050
6/1/2020,1.500,34.200,37.000,14.300,78.750,53.348,93.100,87.500,41.825,104.528,67.567,51.725,83.075,20.322,55.333,46.023,90.345,65.797,47.775,68.515,115.140,40.100,72.330,88.480
7/1/2020,0.100,36.350,29.500,16.300,79.800,52.899,94.200,87.500,42.300,104.633,68.900,54.050,85.310,20.300,57.210,47.238,93.430,67.870,47.914,69.400,119.105,40.100,71.620,89.910
8/1/2020,0.000,33.350,35.100,14.600,79.850,52.450,96.200,87.500,44.800,104.739,71.090,56.930,92.130,21.020,59.030,48.454,94.580,71.850,48.053,71.100,123.070,40.100,72.220,98.000
9/1/2020,0.000,32.700,33.000,12.800,81.175,52.975,103.200,87.500,44.900,104.844,70.243,57.815,81.815,21.485,61.115,49.669,83.953,71.375,48.192,75.255,127.035,40.100,68.460,100.100
10/1/2020,0.200,25.800,38.900,7.800,82.500,53.500,110.200,87.500,45.000,104.950,69.395,58.700,71.500,21.950,63.200,50.885,73.327,70.900,48.331,79.410,131.000,40.100,64.700,102.200
11/1/2020,45.400,17.100,66.000,3.600,83.400,49.900,146.200,87.500,44.100,102.550,68.548,54.200,78.900,19.320,54.200,52.100,62.700,65.000,48.470,68.170,98.150,40.100,67.875,97.110
12/1/2020,28.900,11.750,71.100,2.300,79.200,49.900,141.200,87.500,44.000,94.000,67.700,53.300,86.300,18.600,54.100,51.100,62.800,64.800,49.350,71.950,103.758,40.100,71.050,93.000
1/1/2021,40.000,10.800,67.000,1.800,78.250,49.900,141.150,87.500,44.475,98.060,67.500,53.650,86.900,20.375,54.250,50.200,61.950,64.350,49.460,72.320,109.367,40.100,74.225,96.560
2/1/2021,24.600,12.200,76.200,2.700,77.300,49.900,141.100,87.500,44.950,102.120,67.300,54.000,87.500,22.150,54.400,49.300,61.100,63.900,49.570,72.690,114.975,40.100,77.400,100.120
3/1/2021,27.800,14.600,60.100,3.800,77.100,49.740,146.100,87.500,45.000,99.720,68.100,55.200,88.800,18.680,55.900,52.100,62.700,65.200,50.750,74.250,120.583,40.100,78.100,104.400
4/1/2021,0.300,22.350,48.900,7.800,80.150,50.745,146.750,87.500,42.050,99.720,71.500,58.500,91.250,19.480,54.350,56.650,64.950,61.250,51.860,77.105,126.192,40.100,79.625,105.610
5/1/2021,3.400,29.050,39.100,12.600,83.200,51.750,147.400,87.500,39.100,99.720,74.900,61.800,93.700,20.280,52.800,61.200,67.200,57.300,52.970,79.960,131.800,40.100,81.150,106.820
6/1/2021,0.000,31.800,31.900,15.600,85.100,51.850,147.800,87.500,52.400,99.720,78.300,69.400,97.400,22.280,59.300,63.400,67.500,71.500,52.980,83.000,130.980,40.100,84.600,95.960
7/1/2021,0.000,35.700,33.000,17.200,85.000,52.450,148.450,87.500,55.000,99.720,80.200,73.200,100.400,24.640,61.200,65.000,69.500,73.700,53.780,85.100,128.483,40.100,88.600,111.700
8/1/2021,0.000,35.100,29.500,15.600,85.100,52.507,149.400,87.500,57.200,99.720,75.300,76.500,106.000,22.000,76.200,71.200,69.500,79.000,54.490,87.220,125.987,40.100,91.400,115.180
9/1/2021,0.000,28.950,36.500,11.300,85.000,52.563,149.500,87.500,59.800,99.720,76.800,77.200,107.400,22.830,77.600,72.900,69.700,79.500,55.200,90.300,123.490,40.100,92.000,118.300
10/1/2021,4.400,23.900,48.100,8.000,85.050,52.620,160.400,87.500,61.310,99.720,77.000,78.000,111.500,22.480,64.800,73.200,69.800,80.400,55.550,89.000,120.993,40.100,92.600,112.310
11/1/2021,4.000,17.500,57.000,4.100,85.100,52.200,160.500,87.500,61.950,99.720,77.500,76.500,98.500,21.250,65.000,71.000,84.900,79.800,54.900,88.000,118.497,40.100,93.700,115.400
12/1/2021,91.700,11.400,77.900,2.300,75.800,51.900,160.200,87.500,61.950,99.720,79.300,78.400,102.400,21.500,65.100,71.500,86.200,78.800,56.000,86.000,116.000,40.100,91.550,116.000
1/1/2022,79.000,7.550,82.900,1.600,75.050,52.100,158.300,87.500,59.600,99.720,75.400,70.800,104.100,21.500,63.500,65.000,87.750,75.900,53.500,86.500,116.000,40.100,89.400,106.500
2/1/2022,35.500,11.950,65.300,3.000,74.850,52.050,158.100,87.500,57.900,99.720,76.300,71.500,105.200,21.300,63.600,64.300,89.300,77.200,53.200,86.000,116.000,40.100,91.300,106.300
3/1/2022,17.800,11.750,66.500,3.600,74.350,51.650,157.200,87.500,57.750,99.720,79.200,74.600,108.300,21.100,64.700,66.000,92.100,79.500,53.200,86.100,116.000,40.100,94.500,102.200
4/1/2022,49.400,21.000,50.000,7.600,74.100,51.400,155.900,87.500,57.250,99.720,79.000,82.100,114.200,21.800,68.200,70.400,95.300,82.200,54.500,89.000,116.000,40.100,94.500,105.500
5/1/2022,21.300,24.550,46.100,9.100,75.750,52.450,157.500,87.500,60.400,99.720,78.200,81.500,115.633,23.400,67.600,73.400,92.400,80.100,54.400,91.400,116.000,40.100,94.500,105.500
6/1/2022,0.000,32.500,31.000,14.900,75.800,53.500,157.900,87.500,64.560,99.720,79.400,83.200,117.067,25.400,69.600,75.700,89.500,83.200,55.500,93.000,116.000,40.100,94.500,124.000
7/1/2022,0.000,34.300,30.300,15.600,75.900,53.000,158.700,87.500,66.400,99.720,80.600,82.800,118.500,26.200,70.800,77.300,91.200,85.700,58.100,95.000,116.000,40.100,94.500,129.000
8/1/2022,0.000,34.750,30.600,14.400,79.900,56.000,159.500,87.500,66.700,99.720,81.800,82.400,115.500,27.000,72.700,79.200,89.800,84.850,58.800,95.500,116.000,40.100,94.500,134.000
9/1/2022,0.000,30.550,33.600,11.300,80.200,56.100,159.600,87.500,69.000,99.720,82.000,82.000,123.300,30.200,72.900,80.200,91.300,84.000,58.000,91.000,116.000,40.100,94.500,134.500
10/1/2022,5.400,25.900,44.300,7.600,80.100,56.200,159.670,87.500,68.900,99.720,83.200,81.600,124.500,27.000,74.200,80.800,93.100,83.150,59.000,92.000,116.000,40.100,94.500,135.000
11/1/2022,43.900,17.050,56.800,3.500,80.300,56.500,159.720,87.500,69.000,99.720,82.000,81.200,122.100,26.000,73.400,78.500,91.100,82.300,59.000,100.200,116.000,40.100,94.500,134.000
12/1/2022,7.000,12.700,67.600,2.200,79.600,56.050,159.680,87.500,68.920,99.720,81.600,80.800,113.200,25.000,75.100,79.300,94.400,84.000,57.200,100.000,116.000,40.100,94.500,134.000
1/1/2023,110.645,0.777,7.257,1.847,79.100,55.600,158.700,87.500,73.950,99.720,82.200,80.400,118.700,25.300,74.000,77.400,92.500,82.200,57.000,100.500,116.000,40.100,94.500,129.000
2/1/2023,99.884,0.947,6.961,2.746,79.275,55.986,159.343,87.500,73.200,99.720,83.600,80.000,119.150,26.114,75.043,78.271,94.083,83.129,57.286,101.571,116.000,40.100,94.500,130.714
3/1/2023,98.201,1.296,6.264,4.335,79.450,56.371,159.986,87.500,72.450,99.720,85.000,79.600,119.600,26.929,76.086,79.143,95.667,84.057,57.571,102.643,116.000,40.100,94.500,132.429
4/1/2023,70.942,1.753,5.516,6.475,79.625,56.757,160.629,87.500,71.700,99.720,86.400,79.200,120.050,27.743,77.129,80.014,97.250,84.986,57.857,103.714,116.000,40.100,94.500,134.143
5/1/2023,24.573,2.284,4.229,10.170,79.800,57.143,161.271,87.500,70.950,99.720,87.800,78.800,120.500,28.557,78.171,80.886,98.833,85.914,58.143,104.786,116.000,40.100,94.500,135.857
6/1/2023,1.426,2.797,3.141,14.005,79.975,57.529,161.914,87.500,70.200,99.720,89.200,78.400,120.950,29.371,79.214,81.757,100.417,86.843,58.429,105.857,116.000,40.100,94.500,137.571
7/1/2023,0.008,3.043,2.842,14.825,80.150,57.914,162.557,87.500,69.450,99.720,90.600,78.000,121.400,30.186,80.257,82.629,102.000,87.771,58.714,106.929,116.000,40.100,94.500,139.286
8/1/2023,0.083,3.017,2.963,13.803,80.325,58.300,163.200,87.500,68.700,99.720,92.000,77.600,121.850,31.000,81.300,83.500,103.583,88.700,59.000,108.000,116.000,40.100,94.500,141.000
9/1/2023,4.377,2.614,3.340,10.613,80.500,58.750,164.100,87.500,69.200,99.720,98.200,77.200,122.300,31.500,85.700,84.400,105.167,93.100,59.200,109.000,116.000,40.100,94.500,142.000
10/1/2023,32.258,2.118,4.526,7.031,80.720,58.770,165.000,87.500,70.000,99.720,96.400,76.800,121.700,31.000,84.600,82.100,106.750,90.200,59.500,109.000,116.000,40.100,94.500,143.000
11/1/2023,59.965,1.391,6.095,3.425,81.000,58.800,164.100,87.500,71.100,99.720,94.300,76.400,118.800,31.800,81.900,78.500,108.333,88.400,60.000,109.400,116.000,40.100,94.500,143.000
12/1/2023,95.838,0.942,6.865,2.126,78.000,56.560,160.133,87.500,67.667,99.720,95.933,76.000,119.233,30.300,82.467,78.700,109.917,89.067,60.222,108.933,116.000,40.100,94.500,142.333
1/1/2024,72.968,0.801,7.375,1.696,75.000,54.320,156.167,87.500,64.233,99.720,97.567,75.600,119.667,28.800,83.033,78.900,111.500,89.733,60.444,108.467,116.000,40.100,94.500,141.667
2/1/2024,65.871,0.977,7.075,2.521,72.000,52.080,152.200,87.500,60.800,99.720,99.200,75.200,120.100,27.300,83.600,79.100,113.083,90.400,60.667,108.000,116.000,40.100,94.500,141.000
3/1/2024,64.761,1.336,6.367,3.979,71.500,52.000,152.000,87.500,63.000,99.720,101.400,74.800,122.300,28.000,85.700,80.500,114.667,93.400,60.889,102.000,116.000,40.100,94.500,134.000
4/1/2024,46.785,1.807,5.606,5.943,70.120,51.200,146.000,87.500,57.000,99.720,97.400,74.400,112.700,28.300,83.700,78.300,116.250,91.100,61.111,102.400,116.000,40.100,94.500,132.000
5/1/2024,16.205,2.354,4.298,9.335,70.200,51.800,147.000,87.500,57.100,99.720,99.100,74.000,113.600,29.000,85.400,81.200,117.833,91.300,61.333,102.000,116.000,40.100,94.500,132.500
6/1/2024,0.940,2.884,3.193,12.856,70.300,51.920,147.200,87.500,57.300,99.720,98.300,73.600,110.100,31.000,83.900,80.200,119.417,99.100,61.556,99.000,116.000,40.100,94.500,133.000
7/1/2024,0.005,3.137,2.888,13.608,70.350,51.980,147.260,87.500,57.350,99.720,102.100,73.200,115.300,33.000,86.500,83.700,121.000,97.000,61.778,106.000,116.000,40.100,94.500,133.000
8/1/2024,0.055,3.111,3.011,12.670,70.410,52.000,147.300,87.500,57.380,99.720,86.000,75.300,131.000,33.000,83.000,86.700,123.000,67.000,62.000,107.000,116.000,40.100,94.500,138.300
9/1/2024,2.887,2.695,3.395,9.742,73.000,53.150,148.000,87.500,58.100,99.720,89.300,77.200,131.100,32.400,85.400,87.200,126.100,69.600,62.000,108.000,116.000,40.100,94.500,138.300
10/1/2024,21.274,2.184,4.600,6.454,73.500,53.300,148.430,87.500,58.200,99.720,91.200,78.600,132.100,32.500,86.400,89.100,128.000,70.800,62.400,108.300,116.000,40.100,94.500,138.300
11/1/2024,39.546,1.434,6.194,3.144,73.500,53.300,148.430,87.500,58.200,99.720,91.200,78.600,132.100,32.500,86.400,89.100,128.000,70.800,62.400,108.300,116.000,40.100,94.500,138.300
12/1/2024,63.203,0.971,6.977,1.952,73.500,53.300,148.430,87.500,58.200,99.720,91.200,78.600,132.100,32.500,86.400,89.100,128.000,70.800,62.400,108.300,116.000,40.100,94.500,138.300